{
  "template": {
    "OVERALL": {
      "n": 3000,
      "exact_match": 0.034,
      "cer": 0.5123915530820586,
      "acc_routing": 0.12766666666666668,
      "acc_account": 0.10566666666666667,
      "acc_check_number": 0.2803333333333333,
      "acc_amount": 0.3594936708860759
    },
    "clean": {
      "n": 1013,
      "exact_match": 0.09279368213228036,
      "cer": 0.09648287412564448,
      "acc_routing": 0.3228035538005923,
      "acc_account": 0.2764067127344521,
      "acc_check_number": 0.7265547877591313,
      "acc_amount": 0.9385749385749386
    },
    "hard": {
      "n": 991,
      "exact_match": 0.0010090817356205853,
      "cer": 0.815209641826515,
      "acc_routing": 0.007063572149344097,
      "acc_account": 0.004036326942482341,
      "acc_check_number": 0.013118062563067608,
      "acc_amount": 0.01643835616438356
    },
    "medium": {
      "n": 996,
      "exact_match": 0.007028112449799197,
      "cer": 0.6367590901544081,
      "acc_routing": 0.04919678714859438,
      "acc_account": 0.03313253012048193,
      "acc_check_number": 0.09236947791164658,
      "acc_amount": 0.09200968523002422
    }
  },
  "crnn": {
    "OVERALL": {
      "n": 3000,
      "exact_match": 0.919,
      "cer": 0.007642661156841182,
      "acc_routing": 0.965,
      "acc_account": 0.972,
      "acc_check_number": 0.979,
      "acc_amount": 0.9350210970464135
    },
    "clean": {
      "n": 1013,
      "exact_match": 1.0,
      "cer": 0.0,
      "acc_routing": 1.0,
      "acc_account": 1.0,
      "acc_check_number": 1.0,
      "acc_amount": 1.0
    },
    "hard": {
      "n": 991,
      "exact_match": 0.7547931382441978,
      "cer": 0.02335766423357664,
      "acc_routing": 0.8940464177598385,
      "acc_account": 0.9152371342078708,
      "acc_check_number": 0.9364278506559032,
      "acc_amount": 0.7890410958904109
    },
    "medium": {
      "n": 996,
      "exact_match": 1.0,
      "cer": 0.0,
      "acc_routing": 1.0,
      "acc_account": 1.0,
      "acc_check_number": 1.0,
      "acc_amount": 1.0
    }
  },
  "tesseract": {
    "OVERALL": {
      "n": 500,
      "exact_match": 0.0,
      "cer": 0.7188958527803707,
      "acc_routing": 0.0,
      "acc_account": 0.0,
      "acc_check_number": 0.0,
      "acc_amount": 0.0
    },
    "clean": {
      "n": 179,
      "exact_match": 0.0,
      "cer": 0.6233117483811286,
      "acc_routing": 0.0,
      "acc_account": 0.0,
      "acc_check_number": 0.0,
      "acc_amount": 0.0
    },
    "hard": {
      "n": 152,
      "exact_match": 0.0,
      "cer": 0.9000220701831825,
      "acc_routing": 0.0,
      "acc_account": 0.0,
      "acc_check_number": 0.0,
      "acc_amount": 0.0
    },
    "medium": {
      "n": 169,
      "exact_match": 0.0,
      "cer": 0.6588305017779533,
      "acc_routing": 0.0,
      "acc_account": 0.0,
      "acc_check_number": 0.0,
      "acc_amount": 0.0
    }
  }
}